id,name_id,full_name,first_name,last_name,team,position,age,experience,college,injury_status,weight,height,jersey_number,active,updated_at,created_at
5,lamarjacksonqb,Lamar Jackson,Lamar,Jackson,BAL,QB,24,3,Louisville,,212,"6'2""",8,true,2021-12-05 22:50:31.811757 +00:00,2021-12-05 22:23:32.028955 +00:00
6,justinherbertqb,Justin Herbert,Justin,Herbert,LAC,QB,23,1,Oregon,,237,"6'6""",10,true,2021-12-05 22:50:31.812428 +00:00,2021-12-05 22:23:32.029764 +00:00
7,justinjeffersonwr,Justin Jefferson,Justin,Jefferson,MIN,WR,22,1,LSU,,195,"6'1""",18,true,2021-12-05 22:50:31.813048 +00:00,2021-12-05 22:23:32.030573 +00:00
8,jamarrchasewr,Ja'Marr Chase,Ja'Marr,Chase,CIN,WR,21,0,LSU,,200,"6'1""",1,true,2021-12-05 22:50:31.813715 +00:00,2021-12-05 22:23:32.031352 +00:00
9,ceedeelambwr,CeeDee Lamb,CeeDee,Lamb,DAL,WR,22,1,Oklahoma,,189,"6'2""",88,true,2021-12-05 22:50:31.814324 +00:00,2021-12-05 22:23:32.032123 +00:00
10,najeeharrisrb,Najee Harris,Najee,Harris,PIT,RB,23,0,Alabama,,232,"6'1""",22,true,2021-12-05 22:50:31.815175 +00:00,2021-12-05 22:23:32.044439 +00:00
11,dandreswiftrb,D'Andre Swift,D'Andre,Swift,DET,RB,22,1,Georgia,Out,211,"5'9""",32,true,2021-12-05 22:50:31.815960 +00:00,2021-12-05 22:23:32.045312 +00:00
12,joeburrowqb,Joe Burrow,Joe,Burrow,CIN,QB,24,1,LSU,Questionable,221,"6'4""",9,true,2021-12-05 22:50:31.816687 +00:00,2021-12-05 22:23:32.045989 +00:00
13,dakprescottqb,Dak Prescott,Dak,Prescott,DAL,QB,28,5,Mississippi State,,238,"6'2""",4,true,2021-12-05 22:50:31.817310 +00:00,2021-12-05 22:23:32.046540 +00:00
14,tyreekhillwr,Tyreek Hill,Tyreek,Hill,KCC,WR,27,5,West Alabama,,185,"5'10""",10,true,2021-12-05 22:50:31.818234 +00:00,2021-12-05 22:23:32.047038 +00:00
15,kylepittste,Kyle Pitts,Kyle,Pitts,ATL,TE,21,0,Florida,,246,"6'6""",8,true,2021-12-05 22:50:31.818866 +00:00,2021-12-05 22:23:32.060141 +00:00
16,javontewilliamsrb,Javonte Williams,Javonte,Williams,DEN,RB,21,0,North Carolina,,220,"5'10""",33,true,2021-12-05 22:50:31.819489 +00:00,2021-12-05 22:23:32.061900 +00:00
17,joemixonrb,Joe Mixon,Joe,Mixon,CIN,RB,25,4,Oklahoma,Questionable,220,"6'1""",28,true,2021-12-05 22:50:31.820108 +00:00,2021-12-05 22:23:32.063415 +00:00
18,trevorlawrenceqb,Trevor Lawrence,Trevor,Lawrence,JAC,QB,22,0,Clemson,,213,"6'6""",16,true,2021-12-05 22:50:31.820728 +00:00,2021-12-05 22:23:32.064889 +00:00
19,dkmetcalfwr,DK Metcalf,DK,Metcalf,SEA,WR,23,2,Mississippi,,235,"6'4""",14,true,2021-12-05 22:50:31.821365 +00:00,2021-12-05 22:23:32.066330 +00:00
20,ajbrownwr,A.J. Brown,A.J.,Brown,TEN,WR,24,2,Ole Miss,IR,226,"6'1""",11,true,2021-12-05 22:50:31.821998 +00:00,2021-12-05 22:23:32.076451 +00:00
21,austinekelerrb,Austin Ekeler,Austin,Ekeler,LAC,RB,26,4,"Western State, Colo.",,200,"5'10""",30,true,2021-12-05 22:50:31.822628 +00:00,2021-12-05 22:23:32.078127 +00:00
22,christianmccaffreyrb,Christian McCaffrey,Christian,McCaffrey,CAR,RB,25,4,Stanford,IR,205,"5'11""",22,true,2021-12-05 22:50:31.823300 +00:00,2021-12-05 22:23:32.079563 +00:00
23,cooperkuppwr,Cooper Kupp,Cooper,Kupp,LAR,WR,28,4,Eastern Washington,,208,"6'2""",10,true,2021-12-05 22:50:31.823913 +00:00,2021-12-05 22:23:32.081051 +00:00
24,jaylenwaddlewr,Jaylen Waddle,Jaylen,Waddle,MIA,WR,23,0,Alabama,,182,"5'10""",17,true,2021-12-05 22:50:31.824645 +00:00,2021-12-05 22:23:32.082561 +00:00
25,nickchubbrb,Nick Chubb,Nick,Chubb,CLE,RB,25,3,Georgia,,227,"5'11""",24,true,2021-12-05 22:50:31.825404 +00:00,2021-12-05 22:23:32.092303 +00:00
26,alvinkamararb,Alvin Kamara,Alvin,Kamara,NOS,RB,26,4,Tennessee,Out,215,"5'10""",41,true,2021-12-05 22:50:31.826048 +00:00,2021-12-05 22:23:32.094065 +00:00
27,davanteadamswr,Davante Adams,Davante,Adams,GBP,WR,28,7,Fresno State,,215,"6'1""",17,true,2021-12-05 22:50:31.826666 +00:00,2021-12-05 22:23:32.095610 +00:00
28,deebosamuelwr,Deebo Samuel,Deebo,Samuel,SFO,WR,25,2,South Carolina,Out,215,"6'0""",19,true,2021-12-05 22:50:31.827282 +00:00,2021-12-05 22:23:32.097025 +00:00
30,2023early1stpi,2023 Early 1st,2023,Early 1st,FA,PI,,0,,,,,0,,2021-12-05 22:50:31.828314 +00:00,2021-12-05 22:23:32.107638 +00:00
32,dalvincookrb,Dalvin Cook,Dalvin,Cook,MIN,RB,26,4,Florida State,Out,210,"5'10""",33,true,2021-12-05 22:50:31.830150 +00:00,2021-12-05 22:23:32.110155 +00:00
29,stefondiggswr,Stefon Diggs,Stefon,Diggs,BUF,WR,28,6,Maryland,,191,"6'0""",14,true,2021-12-05 22:50:31.828912 +00:00,2021-12-05 22:23:32.098593 +00:00
33,saquonbarkleyrb,Saquon Barkley,Saquon,Barkley,NYG,RB,24,3,Penn State,,233,"5'11""",26,true,2021-12-05 22:50:31.830751 +00:00,2021-12-05 22:23:32.110630 +00:00
34,derrickhenryrb,Derrick Henry,Derrick,Henry,TEN,RB,27,5,Alabama,IR,247,"6'3""",22,true,2021-12-05 22:50:31.831498 +00:00,2021-12-05 22:23:32.111102 +00:00
35,terrymclaurinwr,Terry McLaurin,Terry,McLaurin,WAS,WR,26,2,Ohio State,,210,"6'0""",17,true,2021-12-05 22:50:31.832122 +00:00,2021-12-05 22:23:32.123061 +00:00
36,macjonesqb,Mac Jones,Mac,Jones,NEP,QB,23,0,Alabama,,217,"6'3""",10,true,2021-12-05 22:50:31.832742 +00:00,2021-12-05 22:23:32.125056 +00:00
37,treylanceqb,Trey Lance,Trey,Lance,SFO,QB,21,0,North Dakota State,,224,"6'4""",5,true,2021-12-05 22:50:31.833359 +00:00,2021-12-05 22:23:32.126744 +00:00
39,justinfieldsqb,Justin Fields,Justin,Fields,CHI,QB,22,0,Ohio State,Out,228,"6'3""",1,true,2021-12-05 22:50:31.833977 +00:00,2021-12-05 22:23:32.130032 +00:00
38,chrisgodwinwr,Chris Godwin,Chris,Godwin,TBB,WR,25,4,Penn State,,208,"6'1""",14,true,2021-12-05 22:50:31.834595 +00:00,2021-12-05 22:23:32.128368 +00:00
41,diontaejohnsonwr,Diontae Johnson,Diontae,Johnson,PIT,WR,25,2,Toledo,,183,"5'10""",18,true,2021-12-05 22:50:31.835842 +00:00,2021-12-05 22:23:32.140461 +00:00
40,2022early1stpi,2022 Early 1st,2022,Early 1st,FA,PI,,0,,,,,0,,2021-12-05 22:50:31.835218 +00:00,2021-12-05 22:23:32.138496 +00:00
43,traviskelcete,Travis Kelce,Travis,Kelce,KCC,TE,32,8,Cincinnati,,256,"6'5""",87,true,2021-12-05 22:50:31.836464 +00:00,2021-12-05 22:23:32.143978 +00:00
44,devontasmithwr,DeVonta Smith,DeVonta,Smith,PHI,WR,23,0,Alabama,,170,"6'0""",6,true,2021-12-05 22:50:31.837697 +00:00,2021-12-05 22:23:32.145730 +00:00
42,djmoorewr,D.J. Moore,D.J.,Moore,CAR,WR,24,3,Maryland,,210,"6'0""",2,true,2021-12-05 22:50:31.837079 +00:00,2021-12-05 22:23:32.142260 +00:00
45,markandrewste,Mark Andrews,Mark,Andrews,BAL,TE,25,3,Oklahoma,,256,"6'5""",89,true,2021-12-05 22:50:31.838315 +00:00,2021-12-05 22:23:32.153701 +00:00
46,jkdobbinsrb,J.K. Dobbins,J.K.,Dobbins,BAL,RB,22,1,Ohio State,IR,214,"5'10""",27,true,2021-12-05 22:50:31.838942 +00:00,2021-12-05 22:23:32.155723 +00:00
47,michaelpittmanwr,Michael Pittman,Michael,Pittman,IND,WR,24,1,USC,,223,"6'4""",11,true,2021-12-05 22:50:31.839927 +00:00,2021-12-05 22:23:32.157488 +00:00
48,russellwilsonqb,Russell Wilson,Russell,Wilson,SEA,QB,33,9,Wisconsin,,215,"5'11""",3,true,2021-12-05 22:50:31.841046 +00:00,2021-12-05 22:23:32.158311 +00:00
49,matthewstaffordqb,Matthew Stafford,Matthew,Stafford,LAR,QB,33,12,Georgia,,220,"6'3""",9,true,2021-12-05 22:50:31.841853 +00:00,2021-12-05 22:23:32.158911 +00:00
50,2023mid1stpi,2023 Mid 1st,2023,Mid 1st,FA,PI,,0,,,,,0,,2021-12-05 22:50:31.842488 +00:00,2021-12-05 22:23:32.168729 +00:00
51,georgekittlete,George Kittle,George,Kittle,SFO,TE,28,4,Iowa,,250,"6'4""",85,true,2021-12-05 22:50:31.843098 +00:00,2021-12-05 22:23:32.169494 +00:00
53,tjhockensonte,T.J. Hockenson,T.J.,Hockenson,DET,TE,24,2,Iowa,,248,"6'5""",88,true,2021-12-05 22:50:31.844327 +00:00,2021-12-05 22:23:32.170527 +00:00
55,jalenhurtsqb,Jalen Hurts,Jalen,Hurts,PHI,QB,23,1,Oklahoma,Out,223,"6'1""",1,true,2021-12-05 22:50:31.844939 +00:00,2021-12-05 22:23:32.183538 +00:00
56,elijahmoorewr,Elijah Moore,Elijah,Moore,NYJ,WR,21,0,Ole Miss,,178,"5'10""",8,true,2021-12-05 22:50:31.846220 +00:00,2021-12-05 22:23:32.184074 +00:00
54,elijahmitchellrb,Elijah Mitchell,Elijah,Mitchell,SFO,RB,23,0,Louisiana-Lafayette,,200,"5'10""",25,true,2021-12-05 22:50:31.845590 +00:00,2021-12-05 22:23:32.170978 +00:00
57,darrenwallerte,Darren Waller,Darren,Waller,LVR,TE,29,6,Georgia Tech,Out,255,"6'6""",83,true,2021-12-05 22:50:31.846831 +00:00,2021-12-05 22:23:32.184667 +00:00
2,joshallenqb,Josh Allen,Josh,Allen,BUF,QB,25,3,Wyoming,,237,"6'5""",17,true,2021-12-05 22:50:31.808357 +00:00,2021-12-05 22:23:32.016126 +00:00
4,kylermurrayqb,Kyler Murray,Kyler,Murray,ARI,QB,24,2,Oklahoma,,207,"5'10""",1,true,2021-12-05 22:50:31.811019 +00:00,2021-12-05 22:23:32.017275 +00:00
61,jerryjeudywr,Jerry Jeudy,Jerry,Jeudy,DEN,WR,22,1,Alabama,,193,"6'1""",10,true,2021-12-05 22:50:31.849789 +00:00,2021-12-05 22:23:32.199930 +00:00
62,ajdillonrb,AJ Dillon,AJ,Dillon,GBP,RB,23,1,Boston College,,247,"6'0""",28,true,2021-12-05 22:50:31.850390 +00:00,2021-12-05 22:23:32.200385 +00:00
64,aaronjonesrb,Aaron Jones,Aaron,Jones,GBP,RB,27,4,Texas-El Paso,,208,"5'9""",33,true,2021-12-05 22:50:31.851012 +00:00,2021-12-05 22:23:32.201279 +00:00
65,marquisebrownwr,Marquise Brown,Marquise,Brown,BAL,WR,24,2,Oklahoma,,180,"5'9""",5,true,2021-12-05 22:50:31.852235 +00:00,2021-12-05 22:23:32.214814 +00:00
66,ezekielelliottrb,Ezekiel Elliott,Ezekiel,Elliott,DAL,RB,26,5,Ohio State,,228,"6'0""",21,true,2021-12-05 22:50:31.852885 +00:00,2021-12-05 22:23:32.215551 +00:00
67,chaseclaypoolwr,Chase Claypool,Chase,Claypool,PIT,WR,23,1,Notre Dame,,238,"6'4""",11,true,2021-12-05 22:50:31.853481 +00:00,2021-12-05 22:23:32.216309 +00:00
68,mikeevanswr,Mike Evans,Mike,Evans,TBB,WR,28,7,Texas A&M,,231,"6'5""",13,true,2021-12-05 22:50:31.854115 +00:00,2021-12-05 22:23:32.216964 +00:00
69,rashodbatemanwr,Rashod Bateman,Rashod,Bateman,BAL,WR,22,0,Minnesota,,210,"6'2""",12,true,2021-12-05 22:50:31.854714 +00:00,2021-12-05 22:23:32.217544 +00:00
70,deshaunwatsonqb,Deshaun Watson,Deshaun,Watson,HOU,QB,26,4,Clemson,Out,215,"6'2""",4,true,2021-12-05 22:50:31.855323 +00:00,2021-12-05 22:23:32.230364 +00:00
71,keenanallenwr,Keenan Allen,Keenan,Allen,LAC,WR,29,8,California,,211,"6'2""",13,true,2021-12-05 22:50:31.855940 +00:00,2021-12-05 22:23:32.232439 +00:00
72,deandrehopkinswr,DeAndre Hopkins,DeAndre,Hopkins,ARI,WR,29,8,Clemson,,212,"6'1""",10,true,2021-12-05 22:50:31.856829 +00:00,2021-12-05 22:23:32.234896 +00:00
73,2023late1stpi,2023 Late 1st,2023,Late 1st,FA,PI,,0,,,,,0,,2021-12-05 22:50:31.857437 +00:00,2021-12-05 22:23:32.236808 +00:00
74,clydeedwardshelairerb,Clyde Edwards-Helaire,Clyde,Edwards-Helaire,KCC,RB,22,1,LSU,Questionable,209,"5'8""",25,true,2021-12-05 22:50:31.858221 +00:00,2021-12-05 22:23:32.238567 +00:00
76,jamesrobinsonrb,James Robinson,James,Robinson,JAC,RB,23,1,Illinois State,,219,"5'9""",25,true,2021-12-05 22:50:31.858828 +00:00,2021-12-05 22:23:32.248408 +00:00
77,brandonaiyukwr,Brandon Aiyuk,Brandon,Aiyuk,SFO,WR,23,1,Arizona State,,200,"6'0""",11,true,2021-12-05 22:50:31.860030 +00:00,2021-12-05 22:23:32.250277 +00:00
75,travisetiennerb,Travis Etienne,Travis,Etienne,JAC,RB,22,0,Clemson,IR,210,"5'10""",1,true,2021-12-05 22:50:31.859432 +00:00,2021-12-05 22:23:32.246073 +00:00
78,amaricooperwr,Amari Cooper,Amari,Cooper,DAL,WR,27,6,Alabama,,210,"6'1""",19,true,2021-12-05 22:50:31.860650 +00:00,2021-12-05 22:23:32.251521 +00:00
79,joshjacobsrb,Josh Jacobs,Josh,Jacobs,LVR,RB,23,2,Alabama,,220,"5'10""",28,true,2021-12-05 22:50:31.861269 +00:00,2021-12-05 22:23:32.252473 +00:00
80,michaelcarterrb,Michael Carter,Michael,Carter,NYJ,RB,22,0,North Carolina,IR,201,"5'8""",32,true,2021-12-05 22:50:31.861894 +00:00,2021-12-05 22:23:32.261234 +00:00
81,darnellmooneywr,Darnell Mooney,Darnell,Mooney,CHI,WR,24,1,Tulane,,173,"5'11""",11,true,2021-12-05 22:50:31.862520 +00:00,2021-12-05 22:23:32.262230 +00:00
82,camakersrb,Cam Akers,Cam,Akers,LAR,RB,22,1,Florida State,PUP,212,"5'11""",23,true,2021-12-05 22:50:31.863131 +00:00,2021-12-05 22:23:32.263150 +00:00
83,2022late1stpi,2022 Late 1st,2022,Late 1st,FA,PI,,0,,,,,0,,2021-12-05 22:50:31.863737 +00:00,2021-12-05 22:23:32.264376 +00:00
85,calvinridleywr,Calvin Ridley,Calvin,Ridley,ATL,WR,26,3,Alabama,PUP,190,"6'1""",18,true,2021-12-05 22:50:31.865052 +00:00,2021-12-05 22:23:32.277104 +00:00
86,tonypollardrb,Tony Pollard,Tony,Pollard,DAL,RB,24,2,Memphis,,209,"6'0""",20,true,2021-12-05 22:50:31.865652 +00:00,2021-12-05 22:23:32.278037 +00:00
88,carsonwentzqb,Carson Wentz,Carson,Wentz,IND,QB,28,5,North Dakota State,,237,"6'5""",2,true,2021-12-05 22:50:31.866250 +00:00,2021-12-05 22:23:32.279959 +00:00
89,tombradyqb,Tom Brady,Tom,Brady,TBB,QB,44,21,Michigan,,225,"6'4""",12,true,2021-12-05 22:50:31.867509 +00:00,2021-12-05 22:23:32.280741 +00:00
87,patfreiermuthte,Pat Freiermuth,Pat,Freiermuth,PIT,TE,23,0,Penn State,,258,"6'5""",88,true,2021-12-05 22:50:31.866871 +00:00,2021-12-05 22:23:32.278933 +00:00
90,kareemhuntrb,Kareem Hunt,Kareem,Hunt,CLE,RB,26,4,Toledo,Questionable,216,"5'11""",27,true,2021-12-05 22:50:31.868162 +00:00,2021-12-05 22:23:32.292549 +00:00
92,kadariustoneywr,Kadarius Toney,Kadarius,Toney,NYG,WR,22,0,Florida,Out,193,"6'0""",89,true,2021-12-05 22:50:31.868795 +00:00,2021-12-05 22:23:32.293973 +00:00
93,darrellhendersonrb,Darrell Henderson,Darrell,Henderson,LAR,RB,24,2,Memphis,,208,"5'8""",27,true,2021-12-05 22:50:31.870024 +00:00,2021-12-05 22:23:32.294661 +00:00
91,kirkcousinsqb,Kirk Cousins,Kirk,Cousins,MIN,QB,33,9,Michigan State,,205,"6'3""",8,true,2021-12-05 22:50:31.869408 +00:00,2021-12-05 22:23:32.293359 +00:00
94,zachwilsonqb,Zach Wilson,Zach,Wilson,NYJ,QB,22,0,BYU,,214,"6'2""",2,true,2021-12-05 22:50:31.870633 +00:00,2021-12-05 22:23:32.295569 +00:00
95,derekcarrqb,Derek Carr,Derek,Carr,LVR,QB,30,7,Fresno State,,210,"6'3""",4,true,2021-12-05 22:50:31.871680 +00:00,2021-12-05 22:23:32.308429 +00:00
96,rondalemoorewr,Rondale Moore,Rondale,Moore,ARI,WR,21,0,Purdue,,180,"5'7""",4,true,2021-12-05 22:50:31.873475 +00:00,2021-12-05 22:23:32.309199 +00:00
97,mikewilliamswr,Mike Williams,Mike,Williams,LAC,WR,27,4,Clemson,,218,"6'4""",81,true,2021-12-05 22:50:31.874210 +00:00,2021-12-05 22:23:32.309855 +00:00
98,tylerlockettwr,Tyler Lockett,Tyler,Lockett,SEA,WR,29,6,Kansas State,,182,"5'10""",16,true,2021-12-05 22:50:31.875292 +00:00,2021-12-05 22:23:32.310426 +00:00
99,dallasgoedertte,Dallas Goedert,Dallas,Goedert,PHI,TE,26,3,South Dakota State,,256,"6'5""",88,true,2021-12-05 22:50:31.876306 +00:00,2021-12-05 22:23:32.311074 +00:00
100,noahfantte,Noah Fant,Noah,Fant,DEN,TE,24,2,Iowa,,249,"6'4""",87,true,2021-12-05 22:50:31.877098 +00:00,2021-12-05 22:23:32.324328 +00:00
103,alexandermattisonrb,Alexander Mattison,Alexander,Mattison,MIN,RB,23,2,Boise State,,215,"5'11""",25,true,2021-12-05 22:50:31.878412 +00:00,2021-12-05 22:23:32.330151 +00:00
101,courtlandsuttonwr,Courtland Sutton,Courtland,Sutton,DEN,WR,26,3,SMU,,216,"6'4""",14,true,2021-12-05 22:50:31.879248 +00:00,2021-12-05 22:23:32.326438 +00:00
104,ryantannehillqb,Ryan Tannehill,Ryan,Tannehill,TEN,QB,33,9,Texas A&M,,217,"6'4""",17,true,2021-12-05 22:50:31.880596 +00:00,2021-12-05 22:23:32.332398 +00:00
105,milessandersrb,Miles Sanders,Miles,Sanders,PHI,RB,24,2,Penn State,Questionable,211,"5'11""",26,true,2021-12-05 22:50:31.881275 +00:00,2021-12-05 22:23:32.339453 +00:00
102,2023early2ndpi,2023 Early 2nd,2023,Early 2nd,FA,PI,,0,,,,,0,,2021-12-05 22:50:31.879894 +00:00,2021-12-05 22:23:32.328282 +00:00
106,michaelgallupwr,Michael Gallup,Michael,Gallup,DAL,WR,25,3,Colorado State,,198,"6'1""",13,true,2021-12-05 22:50:31.881950 +00:00,2021-12-05 22:23:32.341867 +00:00
107,2022early2ndpi,2022 Early 2nd,2022,Early 2nd,FA,PI,,0,,,,,0,,2021-12-05 22:50:31.882599 +00:00,2021-12-05 22:23:32.343712 +00:00
108,mikegesickite,Mike Gesicki,Mike,Gesicki,MIA,TE,26,3,Penn State,,247,"6'6""",88,true,2021-12-05 22:50:31.883249 +00:00,2021-12-05 22:23:32.345570 +00:00
110,dawsonknoxte,Dawson Knox,Dawson,Knox,BUF,TE,25,2,Mississippi,,254,"6'4""",88,true,2021-12-05 22:50:31.884556 +00:00,2021-12-05 22:23:32.355405 +00:00
111,rhamondrestevensonrb,Rhamondre Stevenson,Rhamondre,Stevenson,NEP,RB,23,0,Oklahoma,,228,"6'0""",38,true,2021-12-05 22:50:31.885882 +00:00,2021-12-05 22:23:32.357494 +00:00
112,michaelthomaswr,Michael Thomas,Michael,Thomas,NOS,WR,28,5,Ohio State,PUP,212,"6'3""",13,true,2021-12-05 22:50:31.886758 +00:00,2021-12-05 22:23:32.359253 +00:00
113,bakermayfieldqb,Baker Mayfield,Baker,Mayfield,CLE,QB,26,3,Oklahoma,,215,"6'1""",6,true,2021-12-05 22:50:31.887429 +00:00,2021-12-05 22:23:32.361002 +00:00
59,aaronrodgersqb,Aaron Rodgers,Aaron,Rodgers,GBP,QB,38,16,California,Questionable,225,"6'2""",12,true,2021-12-05 22:50:31.848396 +00:00,2021-12-05 22:23:32.186356 +00:00
60,tuatagovailoaqb,Tua Tagovailoa,Tua,Tagovailoa,MIA,QB,23,1,Alabama,,217,"6'1""",1,true,2021-12-05 22:50:31.849142 +00:00,2021-12-05 22:23:32.199284 +00:00
117,daltonschultzte,Dalton Schultz,Dalton,Schultz,DAL,TE,25,3,Stanford,,244,"6'5""",86,true,2021-12-05 22:50:31.890039 +00:00,2021-12-05 22:23:32.375725 +00:00
118,danieljonesqb,Daniel Jones,Daniel,Jones,NYG,QB,24,2,Duke,Out,221,"6'5""",8,true,2021-12-05 22:50:31.890683 +00:00,2021-12-05 22:23:32.377483 +00:00
119,chubahubbardrb,Chuba Hubbard,Chuba,Hubbard,CAR,RB,22,0,Oklahoma State,,210,"6'1""",30,true,2021-12-05 22:50:31.891515 +00:00,2021-12-05 22:23:32.379236 +00:00
120,cordarrellepattersonwr,Cordarrelle Patterson,Cordarrelle,Patterson,ATL,WR,30,8,Tennessee,,220,"6'2""",84,true,2021-12-05 22:50:31.892149 +00:00,2021-12-05 22:23:32.386984 +00:00
121,allenrobinsonwr,Allen Robinson,Allen,Robinson,CHI,WR,28,7,Penn State,Out,220,"6'2""",12,true,2021-12-05 22:50:31.892832 +00:00,2021-12-05 22:23:32.388912 +00:00
122,jakobimeyerswr,Jakobi Meyers,Jakobi,Meyers,NEP,WR,25,2,North Carolina State,,200,"6'2""",16,true,2021-12-05 22:50:31.893478 +00:00,2021-12-05 22:23:32.390611 +00:00
123,brandincookswr,Brandin Cooks,Brandin,Cooks,HOU,WR,28,7,Oregon State,,183,"5'10""",13,true,2021-12-05 22:50:31.894081 +00:00,2021-12-05 22:23:32.392439 +00:00
124,robertwoodswr,Robert Woods,Robert,Woods,LAR,WR,29,8,USC,IR,195,"6'0""",2,true,2021-12-05 22:50:31.894681 +00:00,2021-12-05 22:23:32.394156 +00:00
125,mylesgaskinrb,Myles Gaskin,Myles,Gaskin,MIA,RB,24,2,Washington,,194,"5'10""",37,true,2021-12-05 22:50:31.895281 +00:00,2021-12-05 22:23:32.401736 +00:00
127,chaseedmondsrb,Chase Edmonds,Chase,Edmonds,ARI,RB,25,3,Fordham,IR,210,"5'9""",2,true,2021-12-05 22:50:31.896518 +00:00,2021-12-05 22:23:32.403144 +00:00
128,2022mid2ndpi,2022 Mid 2nd,2022,Mid 2nd,FA,PI,,0,,,,,0,,2021-12-05 22:50:31.897113 +00:00,2021-12-05 22:23:32.403730 +00:00
129,2023mid2ndpi,2023 Mid 2nd,2023,Mid 2nd,FA,PI,,0,,,,,0,,2021-12-05 22:50:31.897743 +00:00,2021-12-05 22:23:32.404313 +00:00
130,vanjeffersonwr,Van Jefferson,Van,Jefferson,LAR,WR,25,1,Florida,,200,"6'1""",12,true,2021-12-05 22:50:31.898681 +00:00,2021-12-05 22:23:32.416890 +00:00
131,colekmette,Cole Kmet,Cole,Kmet,CHI,TE,22,1,Notre Dame,,260,"6'6""",85,true,2021-12-05 22:50:31.899307 +00:00,2021-12-05 22:23:32.417696 +00:00
132,laviskashenaultwr,Laviska Shenault,Laviska,Shenault,JAC,WR,23,1,Colorado,,227,"6'1""",10,true,2021-12-05 22:50:31.899959 +00:00,2021-12-05 22:23:32.418253 +00:00
133,2023late2ndpi,2023 Late 2nd,2023,Late 2nd,FA,PI,,0,,,,,0,,2021-12-05 22:50:31.900591 +00:00,2021-12-05 22:23:32.418641 +00:00
134,christiankirkwr,Christian Kirk,Christian,Kirk,ARI,WR,25,3,Texas A&M,,200,"5'11""",13,true,2021-12-05 22:50:31.901200 +00:00,2021-12-05 22:23:32.419005 +00:00
135,jordanloveqb,Jordan Love,Jordan,Love,GBP,QB,23,1,Utah State,,219,"6'4""",10,true,2021-12-05 22:50:31.901813 +00:00,2021-12-05 22:23:32.432071 +00:00
136,2022late2ndpi,2022 Late 2nd,2022,Late 2nd,FA,PI,,0,,,,,0,,2021-12-05 22:50:31.902832 +00:00,2021-12-05 22:23:32.432706 +00:00
137,djcharkwr,D.J. Chark,D.J.,Chark,JAC,WR,25,3,LSU,IR,198,"6'4""",17,true,2021-12-05 22:50:31.903573 +00:00,2021-12-05 22:23:32.433354 +00:00
138,khalilherbertrb,Khalil Herbert,Khalil,Herbert,CHI,RB,23,0,Virginia Tech,,212,"5'9""",24,true,2021-12-05 22:50:31.904271 +00:00,2021-12-05 22:23:32.433961 +00:00
139,hunterhenryte,Hunter Henry,Hunter,Henry,NEP,TE,26,5,Arkansas,,250,"6'5""",85,true,2021-12-05 22:50:31.904877 +00:00,2021-12-05 22:23:32.434424 +00:00
140,robgronkowskite,Rob Gronkowski,Rob,Gronkowski,TBB,TE,32,11,Arizona,,265,"6'6""",87,true,2021-12-05 22:50:31.905480 +00:00,2021-12-05 22:23:32.447354 +00:00
141,odellbeckhamwr,Odell Beckham,Odell,Beckham,LAR,WR,29,7,LSU,,198,"5'11""",3,true,2021-12-05 22:50:31.906084 +00:00,2021-12-05 22:23:32.448329 +00:00
142,coreydaviswr,Corey Davis,Corey,Davis,NYJ,WR,26,4,Western Michigan,Questionable,209,"6'3""",84,true,2021-12-05 22:50:31.906688 +00:00,2021-12-05 22:23:32.449209 +00:00
143,jimmygaroppoloqb,Jimmy Garoppolo,Jimmy,Garoppolo,SFO,QB,30,7,Eastern Illinois,,225,"6'2""",10,true,2021-12-05 22:50:31.907714 +00:00,2021-12-05 22:23:32.449878 +00:00
144,tylerboydwr,Tyler Boyd,Tyler,Boyd,CIN,WR,27,5,Pittsburgh,,203,"6'2""",83,true,2021-12-05 22:50:31.908554 +00:00,2021-12-05 22:23:32.450450 +00:00
146,jamaalwilliamsrb,Jamaal Williams,Jamaal,Williams,DET,RB,26,4,BYU,,224,"6'0""",30,true,2021-12-05 22:50:31.909164 +00:00,2021-12-05 22:23:32.463550 +00:00
147,kennethgainwellrb,Kenneth Gainwell,Kenneth,Gainwell,PHI,RB,22,0,Memphis,,200,"5'9""",14,true,2021-12-05 22:50:31.910370 +00:00,2021-12-05 22:23:32.464484 +00:00
145,antoniobrownwr,Antonio Brown,Antonio,Brown,TBB,WR,33,11,Central Michigan,Sus,185,"5'10""",81,true,2021-12-05 22:50:31.909767 +00:00,2021-12-05 22:23:32.462610 +00:00
148,melvingordonrb,Melvin Gordon,Melvin,Gordon,DEN,RB,28,6,Wisconsin,Out,215,"6'1""",25,true,2021-12-05 22:50:31.910977 +00:00,2021-12-05 22:23:32.465470 +00:00
150,curtissamuelwr,Curtis Samuel,Curtis,Samuel,WAS,WR,25,4,Ohio State,,195,"5'11""",10,true,2021-12-05 22:50:31.912238 +00:00,2021-12-05 22:23:32.477861 +00:00
151,taylorheinickeqb,Taylor Heinicke,Taylor,Heinicke,WAS,QB,28,6,Old Dominion,,210,"6'1""",4,true,2021-12-05 22:50:31.912842 +00:00,2021-12-05 22:23:32.478649 +00:00
152,terracemarshallwr,Terrace Marshall,Terrace,Marshall,CAR,WR,21,0,Louisiana State,Out,200,"6'2""",88,true,2021-12-05 22:50:31.913535 +00:00,2021-12-05 22:23:32.479720 +00:00
153,bryanedwardswr,Bryan Edwards,Bryan,Edwards,LVR,WR,23,1,South Carolina,,212,"6'3""",89,true,2021-12-05 22:50:31.914414 +00:00,2021-12-05 22:23:32.480761 +00:00
154,timpatrickwr,Tim Patrick,Tim,Patrick,DEN,WR,28,4,Utah,,212,"6'4""",81,true,2021-12-05 22:50:31.915215 +00:00,2021-12-05 22:23:32.481592 +00:00
155,irvsmithte,Irv Smith Jr.,Irv,Smith Jr.,MIN,TE,23,2,Alabama,IR,240,"6'2""",84,true,2021-12-05 22:50:31.915991 +00:00,2021-12-05 22:23:32.493669 +00:00
156,amonrastbrownwr,Amon-Ra St. Brown,Amon-Ra,St. Brown,DET,WR,22,0,USC,,197,"6'0""",14,true,2021-12-05 22:50:31.916764 +00:00,2021-12-05 22:23:32.495837 +00:00
157,kendrickbournewr,Kendrick Bourne,Kendrick,Bourne,NEP,WR,26,4,Eastern Washington,,203,"6'1""",84,true,2021-12-05 22:50:31.917487 +00:00,2021-12-05 22:23:32.499179 +00:00
158,kennygolladaywr,Kenny Golladay,Kenny,Golladay,NYG,WR,28,4,Northern Illinois,Questionable,213,"6'4""",19,true,2021-12-05 22:50:31.918244 +00:00,2021-12-05 22:23:32.501903 +00:00
159,loganthomaste,Logan Thomas,Logan,Thomas,WAS,TE,30,7,Virginia Tech,,250,"6'6""",82,true,2021-12-05 22:50:31.920043 +00:00,2021-12-05 22:23:32.504062 +00:00
160,jarvislandrywr,Jarvis Landry,Jarvis,Landry,CLE,WR,29,7,Louisiana State,,196,"5'11""",80,true,2021-12-05 22:50:31.920825 +00:00,2021-12-05 22:23:32.509107 +00:00
161,teddybridgewaterqb,Teddy Bridgewater,Teddy,Bridgewater,DEN,QB,29,7,Louisville,,215,"6'2""",5,true,2021-12-05 22:50:31.921604 +00:00,2021-12-05 22:23:32.510470 +00:00
162,donovanpeoplesjoneswr,Donovan Peoples-Jones,Donovan,Peoples-Jones,CLE,WR,22,1,Michigan,,204,"6'2""",11,true,2021-12-05 22:50:31.922391 +00:00,2021-12-05 22:23:32.511923 +00:00
163,ronaldjonesrb,Ronald Jones,Ronald,Jones,TBB,RB,24,3,Southern California,Questionable,208,"5'11""",27,true,2021-12-05 22:50:31.923172 +00:00,2021-12-05 22:23:32.513336 +00:00
164,nicocollinswr,Nico Collins,Nico,Collins,HOU,WR,22,0,Michigan,,215,"6'4""",12,true,2021-12-05 22:50:31.923908 +00:00,2021-12-05 22:23:32.514707 +00:00
165,nyheimhinesrb,Nyheim Hines,Nyheim,Hines,IND,RB,25,3,North Carolina State,,196,"5'9""",21,true,2021-12-05 22:50:31.924545 +00:00,2021-12-05 22:23:32.524869 +00:00
166,devinsingletaryrb,Devin Singletary,Devin,Singletary,BUF,RB,24,2,Florida Atlantic,,203,"5'7""",26,true,2021-12-05 22:50:31.925405 +00:00,2021-12-05 22:23:32.525661 +00:00
167,adamtrautmante,Adam Trautman,Adam,Trautman,NOS,TE,24,1,Dayton,IR,253,"6'5""",82,true,2021-12-05 22:50:31.926012 +00:00,2021-12-05 22:23:32.526317 +00:00
168,gusedwardsrb,Gus Edwards,Gus,Edwards,BAL,RB,26,3,Rutgers,IR,238,"6'1""",35,true,2021-12-05 22:50:31.926616 +00:00,2021-12-05 22:23:32.526897 +00:00
115,hunterrenfrowwr,Hunter Renfrow,Hunter,Renfrow,LVR,WR,25,2,Clemson,,185,"5'10""",13,true,2021-12-05 22:50:31.888715 +00:00,2021-12-05 22:23:32.371140 +00:00
116,jujusmithschusterwr,JuJu Smith-Schuster,JuJu,Smith-Schuster,PIT,WR,25,4,Southern California,IR,215,"6'1""",19,true,2021-12-05 22:50:31.889375 +00:00,2021-12-05 22:23:32.372931 +00:00
176,zackmossrb,Zack Moss,Zack,Moss,BUF,RB,23,1,Utah,,205,"5'9""",20,true,2021-12-05 22:50:31.929736 +00:00,2021-12-05 22:23:32.559280 +00:00
172,willfullerwr,Will Fuller,Will,Fuller,MIA,WR,27,5,Notre Dame,IR,184,"6'1""",3,true,2021-12-05 22:50:31.928479 +00:00,2021-12-05 22:23:32.542438 +00:00
173,zachertzte,Zach Ertz,Zach,Ertz,ARI,TE,31,8,Stanford,,250,"6'5""",86,true,2021-12-05 22:50:31.930362 +00:00,2021-12-05 22:23:32.542962 +00:00
175,jdmckissicrb,J.D. McKissic,J.D.,McKissic,WAS,RB,28,5,Arkansas State,Out,195,"5'10""",41,true,2021-12-05 22:50:31.931808 +00:00,2021-12-05 22:23:32.556618 +00:00
178,joshpalmerwr,Josh Palmer,Josh,Palmer,LAC,WR,22,0,Tennessee,,210,"6'1""",5,true,2021-12-05 22:50:31.932416 +00:00,2021-12-05 22:23:32.563011 +00:00
179,taysomhillqb,Taysom Hill,Taysom,Hill,NOS,QB,31,4,Brigham Young,Questionable,221,"6'2""",7,true,2021-12-05 22:50:31.933628 +00:00,2021-12-05 22:23:32.564779 +00:00
174,devanteparkerwr,DeVante Parker,DeVante,Parker,MIA,WR,28,6,Louisville,,219,"6'3""",11,true,2021-12-05 22:50:31.931096 +00:00,2021-12-05 22:23:32.543483 +00:00
177,jaredgoffqb,Jared Goff,Jared,Goff,DET,QB,27,5,California,,217,"6'4""",16,true,2021-12-05 22:50:31.933025 +00:00,2021-12-05 22:23:32.561162 +00:00
180,tylerhigbeete,Tyler Higbee,Tyler,Higbee,LAR,TE,28,5,Western Kentucky,,255,"6'6""",89,true,2021-12-05 22:50:31.934581 +00:00,2021-12-05 22:23:32.571975 +00:00
181,evanengramte,Evan Engram,Evan,Engram,NYG,TE,27,4,Mississippi,,240,"6'3""",88,true,2021-12-05 22:50:31.935572 +00:00,2021-12-05 22:23:32.573999 +00:00
182,samdarnoldqb,Sam Darnold,Sam,Darnold,CAR,QB,24,3,Southern California,IR,225,"6'3""",14,true,2021-12-05 22:50:31.936235 +00:00,2021-12-05 22:23:32.575807 +00:00
183,mattryanqb,Matt Ryan,Matt,Ryan,ATL,QB,36,13,Boston College,,217,"6'4""",2,true,2021-12-05 22:50:31.936840 +00:00,2021-12-05 22:23:32.577615 +00:00
184,2022mid3rdpi,2022 Mid 3rd,2022,Mid 3rd,FA,PI,,0,,,,,0,,2021-12-05 22:50:31.937476 +00:00,2021-12-05 22:23:32.579403 +00:00
185,dyamibrownwr,Dyami Brown,Dyami,Brown,WAS,WR,22,0,North Carolina,,195,"6'0""",2,true,2021-12-05 22:50:31.938071 +00:00,2021-12-05 22:23:32.586993 +00:00
186,juliojoneswr,Julio Jones,Julio,Jones,TEN,WR,32,10,Alabama,IR,220,"6'3""",2,true,2021-12-05 22:50:31.938709 +00:00,2021-12-05 22:23:32.588947 +00:00
187,danarnoldte,Dan Arnold,Dan,Arnold,JAC,TE,26,4,Wisconsin-Platteville,IR,220,"6'6""",85,true,2021-12-05 22:50:31.939314 +00:00,2021-12-05 22:23:32.590672 +00:00
188,tommytremblete,Tommy Tremble,Tommy,Tremble,CAR,TE,21,0,Notre Dame,,250,"6'4""",82,true,2021-12-05 22:50:31.939916 +00:00,2021-12-05 22:23:32.592448 +00:00
189,2022early3rdpi,2022 Early 3rd,2022,Early 3rd,FA,PI,,0,,,,,0,,2021-12-05 22:50:31.940513 +00:00,2021-12-05 22:23:32.593707 +00:00
190,donaldparhamte,Donald Parham,Donald,Parham,LAC,TE,24,1,Stetson University,,237,"6'8""",89,true,2021-12-05 22:50:31.941230 +00:00,2021-12-05 22:23:32.601542 +00:00
191,dernestjohnsonrb,D'Ernest Johnson,D'Ernest,Johnson,CLE,RB,25,2,South Florida,,208,"5'10""",30,true,2021-12-05 22:50:31.941994 +00:00,2021-12-05 22:23:32.602154 +00:00
192,chriscarsonrb,Chris Carson,Chris,Carson,SEA,RB,27,4,Oklahoma State,IR,222,"5'11""",32,true,2021-12-05 22:50:31.942604 +00:00,2021-12-05 22:23:32.602699 +00:00
193,2023early3rdpi,2023 Early 3rd,2023,Early 3rd,FA,PI,,0,,,,,0,,2021-12-05 22:50:31.943200 +00:00,2021-12-05 22:23:32.603182 +00:00
194,mecolehardmanwr,Mecole Hardman,Mecole,Hardman,KCC,WR,23,2,Georgia,,187,"5'10""",17,true,2021-12-05 22:50:31.944416 +00:00,2021-12-05 22:23:32.603626 +00:00
195,darrelwilliamsrb,Darrel Williams,Darrel,Williams,KCC,RB,26,3,LSU,,219,"5'11""",31,true,2021-12-05 22:50:31.945521 +00:00,2021-12-05 22:23:32.617597 +00:00
197,camnewtonqb,Cam Newton,Cam,Newton,CAR,QB,32,10,Auburn,,245,"6'5""",1,true,2021-12-05 22:50:31.946137 +00:00,2021-12-05 22:23:32.618897 +00:00
198,robbyandersonwr,Robby Anderson,Robby,Anderson,CAR,WR,28,5,Temple,,190,"6'3""",11,true,2021-12-05 22:50:31.946749 +00:00,2021-12-05 22:23:32.619578 +00:00
199,davidnjokute,David Njoku,David,Njoku,CLE,TE,25,4,Miami (FL),,246,"6'4""",85,true,2021-12-05 22:50:31.947365 +00:00,2021-12-05 22:23:32.620125 +00:00
200,dariusslaytonwr,Darius Slayton,Darius,Slayton,NYG,WR,24,2,Auburn,,190,"6'1""",86,true,2021-12-05 22:50:31.947981 +00:00,2021-12-05 22:23:32.632993 +00:00
202,kjhamlerwr,KJ Hamler,KJ,Hamler,DEN,WR,22,1,Penn State,IR,178,"5'9""",1,true,2021-12-05 22:50:31.948758 +00:00,2021-12-05 22:23:32.634265 +00:00
203,russellgagewr,Russell Gage,Russell,Gage,ATL,WR,25,3,Louisiana State,,184,"6'0""",14,true,2021-12-05 22:50:31.950089 +00:00,2021-12-05 22:23:32.634688 +00:00
201,tylerjohnsonwr,Tyler Johnson,Tyler,Johnson,TBB,WR,23,1,Minnesota,,206,"6'1""",18,true,2021-12-05 22:50:31.949399 +00:00,2021-12-05 22:23:32.633705 +00:00
204,davismillsqb,Davis Mills,Davis,Mills,HOU,QB,23,0,Stanford,,225,"6'4""",10,true,2021-12-05 22:50:31.951053 +00:00,2021-12-05 22:23:32.635021 +00:00
205,tyjohnsonrb,Ty Johnson,Ty,Johnson,NYJ,RB,24,2,Maryland,,210,"5'10""",25,true,2021-12-05 22:50:31.951668 +00:00,2021-12-05 22:23:32.648320 +00:00
206,marvinjoneswr,Marvin Jones,Marvin,Jones,JAC,WR,31,9,California,,199,"6'2""",11,true,2021-12-05 22:50:31.952291 +00:00,2021-12-05 22:23:32.648949 +00:00
207,2023mid3rdpi,2023 Mid 3rd,2023,Mid 3rd,FA,PI,,0,,,,,0,,2021-12-05 22:50:31.952902 +00:00,2021-12-05 22:23:32.649578 +00:00
208,tyrodtaylorqb,Tyrod Taylor,Tyrod,Taylor,HOU,QB,32,10,Virginia Tech,Questionable,217,"6'1""",5,true,2021-12-05 22:50:31.953510 +00:00,2021-12-05 22:23:32.650216 +00:00
209,jalenreagorwr,Jalen Reagor,Jalen,Reagor,PHI,WR,22,1,TCU,,197,"5'11""",18,true,2021-12-05 22:50:31.954146 +00:00,2021-12-05 22:23:32.650768 +00:00
210,amarirodgerswr,Amari Rodgers,Amari,Rodgers,GBP,WR,22,0,Clemson,,212,"5'9""",8,true,2021-12-05 22:50:31.954759 +00:00,2021-12-05 22:23:32.665062 +00:00
211,kenyandrakerb,Kenyan Drake,Kenyan,Drake,LVR,RB,27,5,Alabama,Questionable,211,"6'1""",23,true,2021-12-05 22:50:31.955384 +00:00,2021-12-05 22:23:32.667124 +00:00
212,2022late3rdpi,2022 Late 3rd,2022,Late 3rd,FA,PI,,0,,,,,0,,2021-12-05 22:50:31.955997 +00:00,2021-12-05 22:23:32.669096 +00:00
213,marquezcallawaywr,Marquez Callaway,Marquez,Callaway,NOS,WR,23,1,Tennessee,,204,"6'2""",1,true,2021-12-05 22:50:31.956601 +00:00,2021-12-05 22:23:32.670247 +00:00
214,kjosbornwr,K.J. Osborn,K.J.,Osborn,MIN,WR,24,1,Miami (FL),,203,"5'11""",17,true,2021-12-05 22:50:31.957218 +00:00,2021-12-05 22:23:32.670887 +00:00
215,jermarjeffersonrb,Jermar Jefferson,Jermar,Jefferson,DET,RB,21,0,Oregon State,,212,"5'10""",28,true,2021-12-05 22:50:31.957829 +00:00,2021-12-05 22:23:32.679528 +00:00
216,albertokwuegbunamte,Albert Okwuegbunam,Albert,Okwuegbunam,DEN,TE,23,1,Missouri,,258,"6'5""",85,true,2021-12-05 22:50:31.958535 +00:00,2021-12-05 22:23:32.680397 +00:00
217,kellenmondqb,Kellen Mond,Kellen,Mond,MIN,QB,22,0,Texas A&M,Out,212,"6'3""",11,true,2021-12-05 22:50:31.959164 +00:00,2021-12-05 22:23:32.681324 +00:00
218,deonteharriswr,Deonte Harris,Deonte,Harris,NOS,WR,24,2,Assumption,,170,"5'6""",11,true,2021-12-05 22:50:31.959776 +00:00,2021-12-05 22:23:32.682382 +00:00
219,bostonscottrb,Boston Scott,Boston,Scott,PHI,RB,26,3,Louisiana Tech,,203,"5'6""",35,true,2021-12-05 22:50:31.960443 +00:00,2021-12-05 22:23:32.683471 +00:00
220,quezwatkinswr,Quez Watkins,Quez,Watkins,PHI,WR,23,1,Southern Mississippi,,193,"6'0""",16,true,2021-12-05 22:50:31.961081 +00:00,2021-12-05 22:23:32.694588 +00:00
221,parriscampbellwr,Parris Campbell,Parris,Campbell,IND,WR,24,2,Ohio State,IR,208,"6'0""",1,true,2021-12-05 22:50:31.961694 +00:00,2021-12-05 22:23:32.695489 +00:00
222,geraldeverettte,Gerald Everett,Gerald,Everett,SEA,TE,27,4,South Alabama,,240,"6'3""",81,true,2021-12-05 22:50:31.962308 +00:00,2021-12-05 22:23:32.696587 +00:00
224,2023late3rdpi,2023 Late 3rd,2023,Late 3rd,FA,PI,,0,,,,,0,,2021-12-05 22:50:31.963591 +00:00,2021-12-05 22:23:32.698722 +00:00
171,gabrieldaviswr,Gabriel Davis,Gabriel,Davis,BUF,WR,22,1,Central Florida,,210,"6'2""",13,true,2021-12-05 22:50:31.927255 +00:00,2021-12-05 22:23:32.541883 +00:00
170,treysermonrb,Trey Sermon,Trey,Sermon,SFO,RB,22,0,Ohio State,IR,215,"6'0""",28,true,2021-12-05 22:50:31.927874 +00:00,2021-12-05 22:23:32.540816 +00:00
228,cedrickwilsonwr,Cedrick Wilson,Cedrick,Wilson,DAL,WR,26,3,Boise State,Out,200,"6'2""",1,true,2021-12-05 22:50:31.966499 +00:00,2021-12-05 22:23:32.712963 +00:00
229,jefferywilsonrb,Jeffery Wilson,Jeffery,Wilson,SFO,RB,26,3,North Texas,,194,"6'0""",22,true,2021-12-05 22:50:31.967116 +00:00,2021-12-05 22:23:32.713758 +00:00
230,dontaforemanrb,D'Onta Foreman,D'Onta,Foreman,TEN,RB,25,4,Texas,,236,"6'1""",7,true,2021-12-05 22:50:31.967728 +00:00,2021-12-05 22:23:32.725566 +00:00
231,allenlazardwr,Allen Lazard,Allen,Lazard,GBP,WR,25,3,Iowa State,,227,"6'5""",13,true,2021-12-05 22:50:31.968339 +00:00,2021-12-05 22:23:32.727381 +00:00
232,anthonyschwartzwr,Anthony Schwartz,Anthony,Schwartz,CLE,WR,21,0,Auburn,Out,186,"6'0""",10,true,2021-12-05 22:50:31.968972 +00:00,2021-12-05 22:23:32.728130 +00:00
233,quintezcephuswr,Quintez Cephus,Quintez,Cephus,DET,WR,23,1,Wisconsin,IR,208,"6'1""",87,true,2021-12-05 22:50:31.969590 +00:00,2021-12-05 22:23:32.728664 +00:00
234,sonymichelrb,Sony Michel,Sony,Michel,LAR,RB,26,3,Georgia,,215,"5'11""",25,true,2021-12-05 22:50:31.970944 +00:00,2021-12-05 22:23:32.729318 +00:00
235,trequansmithwr,Tre'Quan Smith,Tre'Quan,Smith,NOS,WR,25,3,UCF,,210,"6'2""",10,true,2021-12-05 22:50:31.971746 +00:00,2021-12-05 22:23:32.741397 +00:00
236,brevinjordante,Brevin Jordan,Brevin,Jordan,HOU,TE,21,0,Miami (FL),,245,"6'3""",9,true,2021-12-05 22:50:31.972353 +00:00,2021-12-05 22:23:32.742155 +00:00
237,nickwestbrookikhinewr,Nick Westbrook-Ikhine,Nick,Westbrook-Ikhine,TEN,WR,24,1,Indiana,,215,"6'2""",15,true,2021-12-05 22:50:31.972953 +00:00,2021-12-05 22:23:32.742743 +00:00
238,cjuzomahte,C.J. Uzomah,C.J.,Uzomah,CIN,TE,28,6,Auburn,,260,"6'6""",87,true,2021-12-05 22:50:31.973559 +00:00,2021-12-05 22:23:32.743247 +00:00
239,colebeasleywr,Cole Beasley,Cole,Beasley,BUF,WR,32,9,SMU,,174,"5'8""",11,true,2021-12-05 22:50:31.974167 +00:00,2021-12-05 22:23:32.743712 +00:00
240,zachpascalwr,Zach Pascal,Zach,Pascal,IND,WR,26,4,Old Dominion,,214,"6'2""",14,true,2021-12-05 22:50:31.975015 +00:00,2021-12-05 22:23:32.757353 +00:00
241,kyletraskqb,Kyle Trask,Kyle,Trask,TBB,QB,23,0,Florida,Out,236,"6'5""",2,true,2021-12-05 22:50:31.975649 +00:00,2021-12-05 22:23:32.757989 +00:00
242,jamisoncrowderwr,Jamison Crowder,Jamison,Crowder,NYJ,WR,28,6,Duke,,177,"5'9""",82,true,2021-12-05 22:50:31.976265 +00:00,2021-12-05 22:23:32.758476 +00:00
243,raheemmostertrb,Raheem Mostert,Raheem,Mostert,SFO,RB,29,6,Purdue,IR,205,"5'10""",31,true,2021-12-05 22:50:31.976904 +00:00,2021-12-05 22:23:32.758948 +00:00
244,emmanuelsanderswr,Emmanuel Sanders,Emmanuel,Sanders,BUF,WR,34,11,SMU,,180,"5'11""",1,true,2021-12-05 22:50:31.977518 +00:00,2021-12-05 22:23:32.759422 +00:00
245,enobenjaminrb,Eno Benjamin,Eno,Benjamin,ARI,RB,22,1,Arizona State,,207,"5'9""",26,true,2021-12-05 22:50:31.978122 +00:00,2021-12-05 22:23:32.773487 +00:00
246,jamalagnewwr,Jamal Agnew,Jamal,Agnew,JAC,WR,26,4,San Diego,IR,190,"5'10""",39,true,2021-12-05 22:50:31.978722 +00:00,2021-12-05 22:23:32.774261 +00:00
247,chrisevansrb,Chris Evans,Chris,Evans,CIN,RB,24,0,Michigan,Out,219,"5'11""",25,true,2021-12-05 22:50:31.979421 +00:00,2021-12-05 22:23:32.774929 +00:00
248,drewlockqb,Drew Lock,Drew,Lock,DEN,QB,25,2,Missouri,,228,"6'4""",3,true,2021-12-05 22:50:31.980020 +00:00,2021-12-05 22:23:32.775735 +00:00
250,dwayneeskridgewr,D'Wayne Eskridge,D'Wayne,Eskridge,SEA,WR,24,0,Western Michigan,,190,"5'9""",1,true,2021-12-05 22:50:31.981514 +00:00,2021-12-05 22:23:32.789711 +00:00
251,devinduvernaywr,Devin Duvernay,Devin,Duvernay,BAL,WR,24,1,Texas,,210,"5'11""",13,true,2021-12-05 22:50:31.982154 +00:00,2021-12-05 22:23:32.790466 +00:00
252,dontrellhilliardrb,Dontrell Hilliard,Dontrell,Hilliard,TEN,RB,26,3,Tulane,,202,"5'11""",40,true,2021-12-05 22:50:31.982758 +00:00,2021-12-05 22:23:32.791093 +00:00
253,tonyjonesrb,Tony Jones,Tony,Jones,NOS,RB,24,1,Notre Dame,Out,224,"5'11""",34,true,2021-12-05 22:50:31.983364 +00:00,2021-12-05 22:23:32.791595 +00:00
254,denzelmimswr,Denzel Mims,Denzel,Mims,NYJ,WR,24,1,Baylor,,207,"6'3""",11,true,2021-12-05 22:50:31.983966 +00:00,2021-12-05 22:23:32.792012 +00:00
255,larryrountreerb,Larry Rountree,Larry,Rountree,LAC,RB,23,0,Missouri,,211,"5'10""",35,true,2021-12-05 22:50:31.984577 +00:00,2021-12-05 22:23:32.806159 +00:00
256,fostermoreaute,Foster Moreau,Foster,Moreau,LVR,TE,24,2,Louisiana State,,250,"6'4""",87,true,2021-12-05 22:50:31.985182 +00:00,2021-12-05 22:23:32.808253 +00:00
257,markingramrb,Mark Ingram,Mark,Ingram,NOS,RB,31,10,Alabama,,215,"5'9""",14,true,2021-12-05 22:50:31.985783 +00:00,2021-12-05 22:23:32.810100 +00:00
258,nelsonagholorwr,Nelson Agholor,Nelson,Agholor,NEP,WR,28,6,USC,,198,"6'0""",15,true,2021-12-05 22:50:31.986435 +00:00,2021-12-05 22:23:32.811970 +00:00
259,jjtaylorrb,J.J. Taylor,J.J.,Taylor,NEP,RB,23,1,Arizona,COV,185,"5'6""",42,true,2021-12-05 22:50:31.987061 +00:00,2021-12-05 22:23:32.813823 +00:00
260,devontafreemanrb,Devonta Freeman,Devonta,Freeman,BAL,RB,29,7,Florida State,,206,"5'8""",33,true,2021-12-05 22:50:31.987674 +00:00,2021-12-05 22:23:32.822101 +00:00
261,jameswashingtonwr,James Washington,James,Washington,PIT,WR,25,3,Oklahoma State,,213,"5'11""",13,true,2021-12-05 22:50:31.988288 +00:00,2021-12-05 22:23:32.824100 +00:00
262,demetricfeltonrb,Demetric Felton,Demetric,Felton,CLE,RB,23,0,UCLA,,189,"5'9""",25,true,2021-12-05 22:50:31.988898 +00:00,2021-12-05 22:23:32.825960 +00:00
263,joshreynoldswr,Josh Reynolds,Josh,Reynolds,DET,WR,26,4,Texas A&M,,192,"6'3""",8,true,2021-12-05 22:50:31.989511 +00:00,2021-12-05 22:23:32.827818 +00:00
264,austinhooperte,Austin Hooper,Austin,Hooper,CLE,TE,27,5,Stanford,,255,"6'4""",81,true,2021-12-05 22:50:31.990122 +00:00,2021-12-05 22:23:32.829770 +00:00
265,darryntonevansrb,Darrynton Evans,Darrynton,Evans,TEN,RB,23,1,Appalachian State,IR,200,"5'11""",32,true,2021-12-05 22:50:31.990734 +00:00,2021-12-05 22:23:32.837867 +00:00
266,kylinhillrb,Kylin Hill,Kylin,Hill,GBP,RB,23,0,Mississippi State,IR,214,"5'10""",32,true,2021-12-05 22:50:31.991366 +00:00,2021-12-05 22:23:32.839917 +00:00
267,harrisonbryantte,Harrison Bryant,Harrison,Bryant,CLE,TE,23,1,Florida Atlantic,Questionable,230,"6'5""",88,true,2021-12-05 22:50:31.992074 +00:00,2021-12-05 22:23:32.841896 +00:00
268,salvonahmedrb,Salvon Ahmed,Salvon,Ahmed,MIA,RB,22,1,Washington,,197,"5'11""",26,true,2021-12-05 22:50:31.992689 +00:00,2021-12-05 22:23:32.843844 +00:00
269,gardnerminshewqb,Gardner Minshew,Gardner,Minshew,PHI,QB,25,2,Washington State,,225,"6'1""",10,true,2021-12-05 22:50:31.993302 +00:00,2021-12-05 22:23:32.845352 +00:00
271,alexcollinsrb,Alex Collins,Alex,Collins,SEA,RB,27,5,Arkansas,Out,210,"5'10""",41,true,2021-12-05 22:50:31.994523 +00:00,2021-12-05 22:23:32.854853 +00:00
272,blakejarwinte,Blake Jarwin,Blake,Jarwin,DAL,TE,27,4,Oklahoma State,COV,260,"6'5""",89,true,2021-12-05 22:50:31.995176 +00:00,2021-12-05 22:23:32.855913 +00:00
273,ajgreenwr,A.J. Green,A.J.,Green,ARI,WR,33,10,Georgia,,207,"6'4""",18,true,2021-12-05 22:50:31.995786 +00:00,2021-12-05 22:23:32.856993 +00:00
274,tutuatwellwr,Tutu Atwell,Tutu,Atwell,LAR,WR,22,0,Louisville,IR,165,"5'9""",15,true,2021-12-05 22:50:31.996641 +00:00,2021-12-05 22:23:32.857961 +00:00
275,sammywatkinswr,Sammy Watkins,Sammy,Watkins,BAL,WR,28,7,Clemson,,211,"6'1""",14,true,2021-12-05 22:50:31.997387 +00:00,2021-12-05 22:23:32.869911 +00:00
276,deejaydallasrb,DeeJay Dallas,DeeJay,Dallas,SEA,RB,23,1,Miami (FL),,214,"5'10""",31,true,2021-12-05 22:50:31.998026 +00:00,2021-12-05 22:23:32.872127 +00:00
277,2023early4thpi,2023 Early 4th,2023,Early 4th,FA,PI,,0,,,,,0,,2021-12-05 22:50:31.998643 +00:00,2021-12-05 22:23:32.876465 +00:00
278,jeremymcnicholsrb,Jeremy McNichols,Jeremy,McNichols,TEN,RB,25,4,Boise State,Out,205,"5'9""",28,true,2021-12-05 22:50:31.999260 +00:00,2021-12-05 22:23:32.878464 +00:00
279,jaelondardenwr,Jaelon Darden,Jaelon,Darden,TBB,WR,22,0,North Texas,Out,174,"5'8""",1,true,2021-12-05 22:50:31.999875 +00:00,2021-12-05 22:23:32.879999 +00:00
226,jonnusmithte,Jonnu Smith,Jonnu,Smith,NEP,TE,26,4,Florida International,,248,"6'3""",81,true,2021-12-05 22:50:31.964827 +00:00,2021-12-05 22:23:32.711151 +00:00
227,jaretpattersonrb,Jaret Patterson,Jaret,Patterson,WAS,RB,21,0,Buffalo,,195,"5'8""",32,true,2021-12-05 22:50:31.965778 +00:00,2021-12-05 22:23:32.712073 +00:00
283,kenenwangwurb,Kene Nwangwu,Kene,Nwangwu,MIN,RB,23,0,Iowa State,,210,"6'1""",26,true,2021-12-05 22:50:32.002357 +00:00,2021-12-05 22:23:32.889085 +00:00
284,moaliecoxte,Mo Alie-Cox,Mo,Alie-Cox,IND,TE,28,4,Virginia Commonwealth,,267,"6'5""",81,true,2021-12-05 22:50:32.002973 +00:00,2021-12-05 22:23:32.890152 +00:00
286,jalenguytonwr,Jalen Guyton,Jalen,Guyton,LAC,WR,24,2,North Texas,,212,"6'1""",15,true,2021-12-05 22:50:32.004189 +00:00,2021-12-05 22:23:32.901701 +00:00
287,ojhowardte,O.J. Howard,O.J.,Howard,TBB,TE,27,4,Alabama,,251,"6'6""",80,true,2021-12-05 22:50:32.005484 +00:00,2021-12-05 22:23:32.902596 +00:00
288,noahgrayte,Noah Gray,Noah,Gray,KCC,TE,22,0,Duke,,240,"6'4""",83,true,2021-12-05 22:50:32.006311 +00:00,2021-12-05 22:23:32.903312 +00:00
289,nkealharrywr,N'Keal Harry,N'Keal,Harry,NEP,WR,23,2,Arizona State,,225,"6'4""",1,true,2021-12-05 22:50:32.006958 +00:00,2021-12-05 22:23:32.903884 +00:00
291,olamidezaccheauswr,Olamide Zaccheaus,Olamide,Zaccheaus,ATL,WR,24,2,Virginia,,193,"5'8""",17,true,2021-12-05 22:50:32.008316 +00:00,2021-12-05 22:23:32.917578 +00:00
292,tyhiltonwr,T.Y. Hilton,T.Y.,Hilton,IND,WR,32,9,Florida International,,183,"5'10""",13,true,2021-12-05 22:50:32.009051 +00:00,2021-12-05 22:23:32.919005 +00:00
293,samajeperinerb,Samaje Perine,Samaje,Perine,CIN,RB,26,4,Oklahoma,,240,"5'11""",34,true,2021-12-05 22:50:32.009789 +00:00,2021-12-05 22:23:32.920277 +00:00
294,2022early4thpi,2022 Early 4th,2022,Early 4th,FA,PI,,0,,,,,0,,2021-12-05 22:50:32.010523 +00:00,2021-12-05 22:23:32.921372 +00:00
295,anthonyfirkserte,Anthony Firkser,Anthony,Firkser,TEN,TE,26,4,Harvard,,246,"6'2""",86,true,2021-12-05 22:50:32.011222 +00:00,2021-12-05 22:23:32.931552 +00:00
296,justinjacksonrb,Justin Jackson,Justin,Jackson,LAC,RB,26,3,Northwestern,,200,"6'0""",22,true,2021-12-05 22:50:32.011824 +00:00,2021-12-05 22:23:32.932432 +00:00
297,hunterlongte,Hunter Long,Hunter,Long,MIA,TE,23,0,Boston College,,253,"6'5""",84,true,2021-12-05 22:50:32.012820 +00:00,2021-12-05 22:23:32.934081 +00:00
298,tylanwallacewr,Tylan Wallace,Tylan,Wallace,BAL,WR,22,0,Oklahoma State,,195,"5'11""",16,true,2021-12-05 22:50:32.013619 +00:00,2021-12-05 22:23:32.934863 +00:00
299,juwanjohnsonte,Juwan Johnson,Juwan,Johnson,NOS,TE,25,1,Oregon,Questionable,231,"6'4""",83,true,2021-12-05 22:50:32.014405 +00:00,2021-12-05 22:23:32.935457 +00:00
300,jamycalhastyrb,JaMycal Hasty,JaMycal,Hasty,SFO,RB,25,1,Baylor,,205,"5'8""",23,true,2021-12-05 22:50:32.015272 +00:00,2021-12-05 22:23:32.947984 +00:00
301,marlonmackrb,Marlon Mack,Marlon,Mack,IND,RB,25,4,South Florida,Out,210,"6'0""",25,true,2021-12-05 22:50:32.015921 +00:00,2021-12-05 22:23:32.949980 +00:00
302,equanimeousstbrownwr,Equanimeous St. Brown,Equanimeous,St. Brown,GBP,WR,25,3,Notre Dame,,214,"6'5""",19,true,2021-12-05 22:50:32.016606 +00:00,2021-12-05 22:23:32.952015 +00:00
303,jaredcookte,Jared Cook,Jared,Cook,LAC,TE,34,12,South Carolina,,246,"6'5""",87,true,2021-12-05 22:50:32.017214 +00:00,2021-12-05 22:23:32.953716 +00:00
304,jordanhowardrb,Jordan Howard,Jordan,Howard,PHI,RB,27,5,Indiana,Out,222,"6'0""",24,true,2021-12-05 22:50:32.017816 +00:00,2021-12-05 22:23:32.955396 +00:00
305,mitchelltrubiskyqb,Mitchell Trubisky,Mitchell,Trubisky,BUF,QB,27,4,North Carolina,,220,"6'2""",10,true,2021-12-05 22:50:32.018417 +00:00,2021-12-05 22:23:32.963125 +00:00
306,kalifraymondwr,Kalif Raymond,Kalif,Raymond,DET,WR,27,5,Holy Cross,,182,"5'8""",11,true,2021-12-05 22:50:32.019056 +00:00,2021-12-05 22:23:32.965137 +00:00
307,rashardhigginswr,Rashard Higgins,Rashard,Higgins,CLE,WR,27,5,Colorado State,Out,198,"6'1""",82,true,2021-12-05 22:50:32.019659 +00:00,2021-12-05 22:23:32.967520 +00:00
308,devontaebookerrb,Devontae Booker,Devontae,Booker,NYG,RB,29,5,Utah,,219,"5'11""",28,true,2021-12-05 22:50:32.020270 +00:00,2021-12-05 22:23:32.969228 +00:00
309,joshuakelleyrb,Joshua Kelley,Joshua,Kelley,LAC,RB,24,1,UCLA,,212,"5'11""",27,true,2021-12-05 22:50:32.020874 +00:00,2021-12-05 22:23:32.970831 +00:00
311,anthonymcfarlandrb,Anthony McFarland,Anthony,McFarland,PIT,RB,22,1,Maryland,Out,198,"5'9""",26,true,2021-12-05 22:50:32.022135 +00:00,2021-12-05 22:23:32.980381 +00:00
312,jacobharriste,Jacob Harris,Jacob,Harris,LAR,TE,24,0,Central Florida,IR,211,"6'5""",87,true,2021-12-05 22:50:32.022800 +00:00,2021-12-05 22:23:32.982052 +00:00
313,lataviusmurrayrb,Latavius Murray,Latavius,Murray,BAL,RB,31,8,UCF,,230,"6'3""",28,true,2021-12-05 22:50:32.023464 +00:00,2021-12-05 22:23:32.983663 +00:00
314,prestonwilliamswr,Preston Williams,Preston,Williams,MIA,WR,24,2,Colorado State,,220,"6'5""",18,true,2021-12-05 22:50:32.024070 +00:00,2021-12-05 22:23:32.985229 +00:00
315,haydenhurstte,Hayden Hurst,Hayden,Hurst,ATL,TE,28,3,South Carolina,IR,260,"6'4""",81,true,2021-12-05 22:50:32.024694 +00:00,2021-12-05 22:23:32.994864 +00:00
316,keshawnvaughnrb,Ke'Shawn Vaughn,Ke'Shawn,Vaughn,TBB,RB,24,1,Vanderbilt,,214,"5'10""",21,true,2021-12-05 22:50:32.025467 +00:00,2021-12-05 22:23:32.996659 +00:00
317,rashaadpennyrb,Rashaad Penny,Rashaad,Penny,SEA,RB,25,3,San Diego State,,220,"5'11""",20,true,2021-12-05 22:50:32.026070 +00:00,2021-12-05 22:23:32.998349 +00:00
318,hunterbryantte,Hunter Bryant,Hunter,Bryant,DET,TE,23,1,Washington,PUP,239,"6'2""",86,true,2021-12-05 22:50:32.026673 +00:00,2021-12-05 22:23:33.000040 +00:00
319,tevincolemanrb,Tevin Coleman,Tevin,Coleman,NYJ,RB,28,6,Indiana,,210,"6'1""",23,true,2021-12-05 22:50:32.027289 +00:00,2021-12-05 22:23:33.001722 +00:00
320,jameswhiterb,James White,James,White,NEP,RB,29,7,Wisconsin,IR,205,"5'10""",28,true,2021-12-05 22:50:32.027891 +00:00,2021-12-05 22:23:33.010119 +00:00
321,waynegallmanrb,Wayne Gallman,Wayne,Gallman,ATL,RB,27,4,Clemson,Out,210,"6'0""",25,true,2021-12-05 22:50:32.028855 +00:00,2021-12-05 22:23:33.011954 +00:00
322,tysonwilliamsrb,Ty'Son Williams,Ty'Son,Williams,BAL,RB,25,1,Brigham Young,Out,220,"6'0""",34,true,2021-12-05 22:50:32.029599 +00:00,2021-12-05 22:23:33.013626 +00:00
323,benroethlisbergerqb,Ben Roethlisberger,Ben,Roethlisberger,PIT,QB,39,17,Miami (OH),,240,"6'5""",7,true,2021-12-05 22:50:32.030351 +00:00,2021-12-05 22:23:33.015241 +00:00
324,willdisslyte,Will Dissly,Will,Dissly,SEA,TE,25,3,Washington,,265,"6'4""",89,true,2021-12-05 22:50:32.031164 +00:00,2021-12-05 22:23:33.016981 +00:00
325,audentatewr,Auden Tate,Auden,Tate,CIN,WR,24,3,Florida State,IR,228,"6'5""",19,true,2021-12-05 22:50:32.031779 +00:00,2021-12-05 22:23:33.025681 +00:00
326,davidjohnsonrb,David Johnson,David,Johnson,HOU,RB,29,6,Northern Iowa,Out,224,"6'1""",31,true,2021-12-05 22:50:32.032384 +00:00,2021-12-05 22:23:33.027479 +00:00
327,2023mid4thpi,2023 Mid 4th,2023,Mid 4th,FA,PI,,0,,,,,0,,2021-12-05 22:50:32.032984 +00:00,2021-12-05 22:23:33.029075 +00:00
328,tremckittyte,Tre' McKitty,Tre',McKitty,LAC,TE,22,0,Georgia,,246,"6'4""",88,true,2021-12-05 22:50:32.033579 +00:00,2021-12-05 22:23:33.030723 +00:00
329,2023late4thpi,2023 Late 4th,2023,Late 4th,FA,PI,,0,,,,,0,,2021-12-05 22:50:32.034282 +00:00,2021-12-05 22:23:33.032368 +00:00
330,tyreejacksonte,Tyree Jackson,Tyree,Jackson,PHI,TE,24,2,Buffalo,,249,"6'7""",80,true,2021-12-05 22:50:32.034879 +00:00,2021-12-05 22:23:33.041507 +00:00
331,philliplindsayrb,Phillip Lindsay,Phillip,Lindsay,MIA,RB,27,3,Colorado,Out,190,"5'8""",31,true,2021-12-05 22:50:32.035489 +00:00,2021-12-05 22:23:33.043103 +00:00
332,2022late4thpi,2022 Late 4th,2022,Late 4th,FA,PI,,0,,,,,0,,2021-12-05 22:50:32.036124 +00:00,2021-12-05 22:23:33.044083 +00:00
333,jacobybrissettqb,Jacoby Brissett,Jacoby,Brissett,MIA,QB,28,5,North Carolina State,,235,"6'4""",14,true,2021-12-05 22:50:32.036742 +00:00,2021-12-05 22:23:33.044823 +00:00
334,kylengransonte,Kylen Granson,Kylen,Granson,IND,TE,23,0,SMU,,242,"6'2""",83,true,2021-12-05 22:50:32.037347 +00:00,2021-12-05 22:23:33.045360 +00:00
335,shismithwr,Shi Smith,Shi,Smith,CAR,WR,23,0,South Carolina,,190,"5'10""",12,true,2021-12-05 22:50:32.037983 +00:00,2021-12-05 22:23:33.056631 +00:00
281,scottmillerwr,Scott Miller,Scott,Miller,TBB,WR,24,2,Bowling Green,,174,"5'9""",10,true,2021-12-05 22:50:32.001134 +00:00,2021-12-05 22:23:32.886791 +00:00
282,2022mid4thpi,2022 Mid 4th,2022,Mid 4th,FA,PI,,0,,,,,0,,2021-12-05 22:50:32.001752 +00:00,2021-12-05 22:23:32.887894 +00:00
339,brandonboldenrb,Brandon Bolden,Brandon,Bolden,NEP,RB,31,9,Mississippi,Questionable,220,"5'11""",25,true,2021-12-05 22:50:32.040373 +00:00,2021-12-05 22:23:33.058469 +00:00
340,milesboykinwr,Miles Boykin,Miles,Boykin,BAL,WR,25,2,Notre Dame,Out,220,"6'4""",80,true,2021-12-05 22:50:32.041004 +00:00,2021-12-05 22:23:33.072720 +00:00
341,cameronbratete,Cameron Brate,Cameron,Brate,TBB,TE,30,7,Harvard,,245,"6'5""",84,true,2021-12-05 22:50:32.041766 +00:00,2021-12-05 22:23:33.073452 +00:00
342,zayjoneswr,Zay Jones,Zay,Jones,LVR,WR,26,4,East Carolina,,200,"6'2""",7,true,2021-12-05 22:50:32.042387 +00:00,2021-12-05 22:23:33.074217 +00:00
343,lynnbowdenwr,Lynn Bowden,Lynn,Bowden,MIA,WR,24,1,Kentucky,IR,201,"6'0""",6,true,2021-12-05 22:50:32.042988 +00:00,2021-12-05 22:23:33.074887 +00:00
344,samehlingerqb,Sam Ehlinger,Sam,Ehlinger,IND,QB,23,0,Texas,,225,"6'3""",4,true,2021-12-05 22:50:32.043588 +00:00,2021-12-05 22:23:33.075488 +00:00
345,demarcusrobinsonwr,Demarcus Robinson,Demarcus,Robinson,KCC,WR,27,5,Florida,,202,"6'1""",11,true,2021-12-05 22:50:32.044318 +00:00,2021-12-05 22:23:33.088668 +00:00
346,ameerabdullahrb,Ameer Abdullah,Ameer,Abdullah,CAR,RB,28,6,Nebraska,,196,"5'9""",20,true,2021-12-05 22:50:32.045027 +00:00,2021-12-05 22:23:33.090715 +00:00
347,byronpringlewr,Byron Pringle,Byron,Pringle,KCC,WR,28,3,Kansas State,,201,"6'1""",13,true,2021-12-05 22:50:32.045690 +00:00,2021-12-05 22:23:33.092729 +00:00
348,mikewhiteqb,Mike White,Mike,White,NYJ,QB,26,3,Western Kentucky,COV,218,"6'4""",5,true,2021-12-05 22:50:32.046321 +00:00,2021-12-05 22:23:33.094807 +00:00
349,xavierjonesrb,Xavier Jones,Xavier,Jones,LAR,RB,24,1,Southern Methodist,IR,208,"5'11""",25,true,2021-12-05 22:50:32.046915 +00:00,2021-12-05 22:23:33.097154 +00:00
350,keelancolewr,Keelan Cole,Keelan,Cole,NYJ,WR,28,4,Kentucky Wesleyan,COV,194,"6'1""",88,true,2021-12-05 22:50:32.048139 +00:00,2021-12-05 22:23:33.104668 +00:00
351,lamicalperinerb,Lamical Perine,Lamical,Perine,NYJ,RB,23,1,Florida,Out,216,"5'11""",22,true,2021-12-05 22:50:32.048763 +00:00,2021-12-05 22:23:33.106715 +00:00
352,dwaynehaskinsqb,Dwayne Haskins,Dwayne,Haskins,PIT,QB,24,2,Ohio State,Out,230,"6'4""",3,true,2021-12-05 22:50:32.049377 +00:00,2021-12-05 22:23:33.108137 +00:00
353,trentsherfieldwr,Trent Sherfield,Trent,Sherfield,SFO,WR,25,3,Vanderbilt,,219,"6'1""",81,true,2021-12-05 22:50:32.049989 +00:00,2021-12-05 22:23:33.109610 +00:00
354,olabisijohnsonwr,Olabisi Johnson,Olabisi,Johnson,MIN,WR,24,2,Colorado State,COV,203,"6'0""",81,true,2021-12-05 22:50:32.050598 +00:00,2021-12-05 22:23:33.111180 +00:00
355,adamhumphrieswr,Adam Humphries,Adam,Humphries,WAS,WR,28,6,Clemson,,195,"5'11""",13,true,2021-12-05 22:50:32.051239 +00:00,2021-12-05 22:23:33.120499 +00:00
356,ericebronte,Eric Ebron,Eric,Ebron,PIT,TE,28,7,North Carolina,IR,253,"6'4""",85,true,2021-12-05 22:50:32.051844 +00:00,2021-12-05 22:23:33.121936 +00:00
357,chrisherndonte,Chris Herndon,Chris,Herndon,MIN,TE,25,3,Miami (FL),,253,"6'4""",89,true,2021-12-05 22:50:32.052502 +00:00,2021-12-05 22:23:33.123171 +00:00
358,ianthomaste,Ian Thomas,Ian,Thomas,CAR,TE,25,3,Indiana,,260,"6'4""",80,true,2021-12-05 22:50:32.053121 +00:00,2021-12-05 22:23:33.124404 +00:00
360,justicehillrb,Justice Hill,Justice,Hill,BAL,RB,24,2,Oklahoma State,IR,200,"5'10""",43,true,2021-12-05 22:50:32.054303 +00:00,2021-12-05 22:23:33.135444 +00:00
361,andyisabellawr,Andy Isabella,Andy,Isabella,ARI,WR,25,2,Massachusetts,Out,188,"5'9""",17,true,2021-12-05 22:50:32.054900 +00:00,2021-12-05 22:23:33.136519 +00:00
362,mikestrachanwr,Mike Strachan,Mike,Strachan,IND,WR,24,0,Charleston,Out,224,"6'5""",17,true,2021-12-05 22:50:32.055508 +00:00,2021-12-05 22:23:33.137435 +00:00
363,ryanfitzpatrickqb,Ryan Fitzpatrick,Ryan,Fitzpatrick,WAS,QB,39,16,Harvard,IR,221,"6'2""",14,true,2021-12-05 22:50:32.056141 +00:00,2021-12-05 22:23:33.138286 +00:00
364,giovanibernardrb,Giovani Bernard,Giovani,Bernard,TBB,RB,30,8,North Carolina,,205,"5'9""",25,true,2021-12-05 22:50:32.056735 +00:00,2021-12-05 22:23:33.139029 +00:00
365,collinjohnsonwr,Collin Johnson,Collin,Johnson,NYG,WR,24,1,Texas,,222,"6'6""",15,true,2021-12-05 22:50:32.057332 +00:00,2021-12-05 22:23:33.151081 +00:00
366,malcolmbrownrb,Malcolm Brown,Malcolm,Brown,MIA,RB,28,6,Texas,IR,225,"5'11""",34,true,2021-12-05 22:50:32.057925 +00:00,2021-12-05 22:23:33.151848 +00:00
367,jamesoshaughnessyte,James O'Shaughnessy,James,O'Shaughnessy,JAC,TE,29,6,Illinois State,,245,"6'4""",80,true,2021-12-05 22:50:32.058675 +00:00,2021-12-05 22:23:33.152557 +00:00
368,jerickmckinnonrb,Jerick McKinnon,Jerick,McKinnon,KCC,RB,29,7,Georgia Southern,IR,201,"5'9""",1,true,2021-12-05 22:50:32.059298 +00:00,2021-12-05 22:23:33.153260 +00:00
369,rexburkheadrb,Rex Burkhead,Rex,Burkhead,HOU,RB,31,8,Nebraska,,215,"5'10""",28,true,2021-12-05 22:50:32.059889 +00:00,2021-12-05 22:23:33.153835 +00:00
370,davidmoorewr,David Moore,David,Moore,FA,WR,26,4,East Central (OK),,219,"6'0""",89,true,2021-12-05 22:50:32.060703 +00:00,2021-12-05 22:23:33.166648 +00:00
371,jakefunkrb,Jake Funk,Jake,Funk,LAR,RB,23,0,Maryland,IR,205,"5'10""",34,true,2021-12-05 22:50:32.061447 +00:00,2021-12-05 22:23:33.167634 +00:00
372,joshrosenqb,Josh Rosen,Josh,Rosen,ATL,QB,24,3,UCLA,,226,"6'4""",16,true,2021-12-05 22:50:32.062178 +00:00,2021-12-05 22:23:33.168257 +00:00
373,mikeweberrb,Mike Weber,Mike,Weber,FA,RB,24,2,Ohio State,Questionable,212,"5'10""",27,true,2021-12-05 22:50:32.062911 +00:00,2021-12-05 22:23:33.168881 +00:00
374,josholiverte,Josh Oliver,Josh,Oliver,BAL,TE,24,2,San Jose State,,249,"6'5""",84,true,2021-12-05 22:50:32.063540 +00:00,2021-12-05 22:23:33.169419 +00:00
375,gregdortchwr,Greg Dortch,Greg,Dortch,ARI,WR,23,2,Wake Forest,,173,"5'7""",83,true,2021-12-05 22:50:32.064173 +00:00,2021-12-05 22:23:33.181794 +00:00
1,patrickmahomesqb,Patrick Mahomes,Patrick,Mahomes,KCC,QB,26,4,Texas Tech,,227,"6'3""",15,true,2021-12-05 22:50:31.803074 +00:00,2021-12-05 22:23:32.014292 +00:00
3,jonathantaylorrb,Jonathan Taylor,Jonathan,Taylor,IND,RB,22,1,Wisconsin,,226,"5'10""",28,true,2021-12-05 22:50:31.810205 +00:00,2021-12-05 22:23:32.016700 +00:00
31,antoniogibsonrb,Antonio Gibson,Antonio,Gibson,WAS,RB,23,1,Memphis,,220,"6'2""",24,true,2021-12-05 22:50:31.829549 +00:00,2021-12-05 22:23:32.109384 +00:00
52,teehigginswr,Tee Higgins,Tee,Higgins,CIN,WR,22,1,Clemson,Questionable,215,"6'4""",85,true,2021-12-05 22:50:31.843712 +00:00,2021-12-05 22:23:32.170064 +00:00
58,2022mid1stpi,2022 Mid 1st,2022,Mid 1st,FA,PI,,0,,,,,0,,2021-12-05 22:50:31.847669 +00:00,2021-12-05 22:23:32.185182 +00:00
63,davidmontgomeryrb,David Montgomery,David,Montgomery,CHI,RB,24,2,Iowa State,,224,"5'11""",32,true,2021-12-05 22:50:31.851612 +00:00,2021-12-05 22:23:32.200839 +00:00
84,leonardfournetterb,Leonard Fournette,Leonard,Fournette,TBB,RB,26,4,Louisiana State,,228,"6'0""",7,true,2021-12-05 22:50:31.864438 +00:00,2021-12-05 22:23:32.265603 +00:00
109,adamthielenwr,Adam Thielen,Adam,Thielen,MIN,WR,31,8,Minn. State-Mankato,Questionable,200,"6'2""",19,true,2021-12-05 22:50:31.883893 +00:00,2021-12-05 22:23:32.347489 +00:00
114,damienharrisrb,Damien Harris,Damien,Harris,NEP,RB,24,2,Alabama,,213,"5'11""",37,true,2021-12-05 22:50:31.888074 +00:00,2021-12-05 22:23:32.362712 +00:00
126,jamesconnerrb,James Conner,James,Conner,ARI,RB,26,4,Pittsburgh,,233,"6'1""",6,true,2021-12-05 22:50:31.895882 +00:00,2021-12-05 22:23:32.402513 +00:00
149,jameiswinstonqb,Jameis Winston,Jameis,Winston,NOS,QB,27,6,Florida State,IR,231,"6'4""",2,true,2021-12-05 22:50:31.911616 +00:00,2021-12-05 22:23:32.466265 +00:00
169,sterlingshepardwr,Sterling Shepard,Sterling,Shepard,NYG,WR,28,5,Oklahoma,Out,201,"5'10""",3,true,2021-12-05 22:50:31.929121 +00:00,2021-12-05 22:23:32.527462 +00:00
196,tylerconklinte,Tyler Conklin,Tyler,Conklin,MIN,TE,26,3,Central Michigan,,248,"6'3""",83,true,2021-12-05 22:50:31.943816 +00:00,2021-12-05 22:23:32.618330 +00:00
337,tarikcohenrb,Tarik Cohen,Tarik,Cohen,CHI,RB,26,4,North Carolina A&T,PUP,191,"5'6""",29,true,2021-12-05 22:50:32.039180 +00:00,2021-12-05 22:23:33.057807 +00:00
338,travishomerrb,Travis Homer,Travis,Homer,SEA,RB,23,2,Miami (FL),,202,"5'10""",25,true,2021-12-05 22:50:32.039774 +00:00,2021-12-05 22:23:33.058141 +00:00
223,marquezvaldesscantlingwr,Marquez Valdes-Scantling,Marquez,Valdes-Scantling,GBP,WR,27,3,South Florida,,206,"6'4""",83,true,2021-12-05 22:50:31.962920 +00:00,2021-12-05 22:23:32.697811 +00:00
225,roberttonyante,Robert Tonyan,Robert,Tonyan,GBP,TE,27,4,Indiana State,IR,237,"6'5""",85,true,2021-12-05 22:50:31.964219 +00:00,2021-12-05 22:23:32.710359 +00:00
249,mattbreidarb,Matt Breida,Matt,Breida,BUF,RB,26,4,Georgia Southern,,195,"5'10""",22,true,2021-12-05 22:50:31.980625 +00:00,2021-12-05 22:23:32.776327 +00:00
270,rickysealsjoneste,Ricky Seals-Jones,Ricky,Seals-Jones,WAS,TE,26,4,Texas A&M,Out,243,"6'5""",83,true,2021-12-05 22:50:31.993913 +00:00,2021-12-05 22:23:32.853691 +00:00
280,damienwilliamsrb,Damien Williams,Damien,Williams,CHI,RB,29,7,Oklahoma,Out,225,"5'11""",8,true,2021-12-05 22:50:32.000490 +00:00,2021-12-05 22:23:32.885447 +00:00
285,marcusmariotaqb,Marcus Mariota,Marcus,Mariota,LVR,QB,28,6,Oregon,,222,"6'4""",8,true,2021-12-05 22:50:32.003583 +00:00,2021-12-05 22:23:32.900522 +00:00
290,ihmirsmithmarsettewr,Ihmir Smith-Marsette,Ihmir,Smith-Marsette,MIN,WR,22,0,Iowa,Out,185,"6'1""",15,true,2021-12-05 22:50:32.007559 +00:00,2021-12-05 22:23:32.915815 +00:00
310,mikedavisrb,Mike Davis,Mike,Davis,ATL,RB,28,6,South Carolina,,220,"5'9""",28,true,2021-12-05 22:50:32.021510 +00:00,2021-12-05 22:23:32.978610 +00:00
336,randallcobbwr,Randall Cobb,Randall,Cobb,GBP,WR,31,10,Kentucky,Questionable,195,"5'10""",18,true,2021-12-05 22:50:32.038585 +00:00,2021-12-05 22:23:33.057264 +00:00
359,kalenballagerb,Kalen Ballage,Kalen,Ballage,PIT,RB,25,3,Arizona State,,231,"6'2""",29,true,2021-12-05 22:50:32.053714 +00:00,2021-12-05 22:23:33.125533 +00:00
